email,password,handle
binns0@microsoft.com,"qD0`""})XYKe>_d,h",amosson0
kovey1@prweb.com,tY7\C<s@nVI?O_,jgress1
rbelford2@cmu.edu,"dB5(_m""y",lfashion2
rgarn3@illinois.edu,tM9)EzwQTM,nsturridge3
llantuff4@shop-pro.jp,tA8`K6X>,rweeden4
kpolglase5@bloglines.com,tZ6=/y~zh1y,tbrizland5
hmudge6@blogs.com,qY1<?|G1,rbeurich6
swing7@deviantart.com,wG4&6QJuqPEH,pjellyman7
dkondrachenko8@constantcontact.com,qT5/BrsoHKk,spohl8
ecappell9@loc.gov,fO0(YFLbFl>=,bbandey9
hpothergilla@msu.edu,mI1}?%SwE(E$22<4,vlahrsa
pmckerleyb@wunderground.com,uP5*bG/*SG24i@<',bgroganb
bdugallc@clickbank.net,xN0*'Lq`5E.m,htomainoc
dgostridged@ibm.com,xF4'r}&Ad<,mcastelaind
vmacfaule@japanpost.jp,bV3!bo~*<|4D,lscogine
afrydf@army.mil,pN9|8=%N,achannonf
ghawkeyg@spotify.com,vH6#?uQ}8b)hD,plulhamg
dsummersideh@acquirethisname.com,yY0\p6'I8dTi(`6,otarranth
nfallawei@ycombinator.com,xS2'XgGR3#X|I,slohdeni
wweadickj@ehow.com,aD1)t\pd,amacwhirterj
weatonk@reuters.com,"qI2&WS3hj1l1g%,",smiddleweekk
wnajaral@scientificamerican.com,bZ4*f}%4thkorh,idanielotl
bgascoyenm@hud.gov,uQ8`=yZh~gzuSfW,rivannikovm
jmacdavittn@alexa.com,kA9`dr*9,hbeatyn
blintono@delicious.com,bG6\5Sl_ROdSAD3$,dbiglando
vkrabbep@squidoo.com,aA3+U=67h,izannip
arigmondq@topsy.com,vT2=*!d59,falsteadq
ploheringr@geocities.com,uS2%qw't,nviccaryr
emurisons@dagondesign.com,fH5<Fv_99,elaises
bthorleyt@tiny.cc,"hD7,,QLB""",sdillandt
chambeltonu@howstuffworks.com,"sZ8|K,vK4xaKk",hkilminsteru
wmcconnultyv@mediafire.com,"qF6{M>,kLha=}T",gspackmanv
pdupreew@webeden.co.uk,dX6&&e*G,cyeseninw
wtounx@admin.ch,aH4+{9JWtBJ,jmacdirmidx
cgarredy@liveinternet.ru,"xP9""{X\%7",sgrinyakiny
apaishz@fda.gov,"xE0.%cEy|""G\ucf",hseakz
tweal10@google.cn,xV5|l_&GR21,lryrie10
mclissold11@constantcontact.com,bW4&#DbTu3+qQw',ipapen11
kmiltonwhite12@nhs.uk,hP3?e5Y@,dofeeny12
hfilippozzi13@japanpost.jp,gZ4\rpGje2JCs13E,dcauston13
oainger14@shinystat.com,aL2$W&Fk0Fvt{!f,bboyton14
kpashler15@fc2.com,"eK5#9oU7s5i""f+",cisley15
ggascoyne16@twitpic.com,aN3@|kV%|>kq!H,lkos16
kbrussell17@gnu.org,"zT2?(5|E`q{""vg|v",qowttrim17
vrowaszkiewicz18@nba.com,"kD8""\Mrxhg@ED",zclaypoole18
asydney19@newyorker.com,hO8=BVEgLe<',vridgley19
amckenney1a@mysql.com,mY6!<a1cN=9~S~&$,jrobertucci1a
mpitrollo1b@berkeley.edu,"oR8}9\EZc4y,r0m&",ajorez1b
mallcorn1c@e-recht24.de,cR0&TVNjw3X!6}oC,akearey1c
rbiskup1d@wufoo.com,uK7$X_Pyw)&,dwindows1d
dbordessa1e@ifeng.com,tC4%&qf{*SF,icorballis1e
zfarncomb1f@soup.io,kG2!(+iPhSe,ocrossgrove1f
ngreser1g@edublogs.org,cU1!etdBV/I2mp+,cthreader1g
pjachimiak1h@typepad.com,eN3%$jU{t@2&5L0r,rlayburn1h
jbrotherton1i@google.pl,"pO1&1D""ogyeS})D",cboyer1i
rcryer1j@indiegogo.com,pP4&8V_Nu$mtuRr,mhemphill1j
ebrixey1k@wp.com,"cW6'ncmH,h'Mm",criccard1k
smacgibbon1l@bandcamp.com,"wU3)9,wO|R1Pm3T",ygitting1l
lwyrill1m@devhub.com,iJ2!fB%_,ksnaith1m
sweddeburnscrimgeour1n@comsenz.com,qF5*B5rPMMmIlP,mmogridge1n
bcroft1o@qq.com,oA7+kJ1FVmtt6,gfoulsham1o
gfowle1p@themeforest.net,lG3'$qD++XuN3/1,nwailes1p
dcossey1q@reverbnation.com,aR0>G6m#5+%x1,corts1q
rruddle1r@seesaa.net,pD1|5faW5E,ddecourcy1r
aweiner1s@vistaprint.com,rP6$P\AB@T,saymer1s
rdolan1t@issuu.com,aG1(YJ%Xyf,amessier1t
ldurkin1u@sfgate.com,sO7+UnvDCjUbN`.w,mpaolini1u
jgherarducci1v@sina.com.cn,kT9!@}OX><w*T`d,jnorthley1v
ebednell1w@sciencedaily.com,nC0*2_Jet\,rsickamore1w
lgascoigne1x@ucla.edu,yR5(Pi03?,cbrasner1x
gedling1y@google.com,hR4*kg*{'6~Y3N*G,bbraghini1y
kvahl1z@instagram.com,gA3.6Sc.W&u=z,pcouldwell1z
wram20@pinterest.com,"sF3,c}<isxBqD,",rmcinteer20
mrowledge21@pbs.org,gC3)uouQ$.z&,ckupka21
ltwentyman22@japanpost.jp,jF4{&'@tFjfaaP<,mkingswood22
bburris23@shareasale.com,"sV0!gPf""1.*",fcarleman23
mcorzon24@upenn.edu,mN2~(o`2u.T,znewart24
echurchin25@latimes.com,aB9}{7O<p`Vv,llonghurst25
badlem26@google.pl,tF8)Zu0_JLEAOL=w,hshakesby26
kcarmo27@shinystat.com,"aT3.""'1\!KuRFs0E",lkenward27
ckarlmann28@weibo.com,lG8!za?kO,mbernade28
wacutt29@xinhuanet.com,"tB8#XIs<Yt""=",hmoreby29
tloosely2a@photobucket.com,"oD7@_4@*""",skelby2a
imccurtain2b@nature.com,mN8(OHASNsm,jshillom2b
tgisbourn2c@gizmodo.com,aF4=&kQ!.+9I,dbussetti2c
tbraizier2d@livejournal.com,bE2_*xAnDP%,fgiorgielli2d
wbarbosa2e@phoca.cz,dJ6`lJ5miOTah4X,jfairpo2e
chousam2f@liveinternet.ru,tF5#?)RNAZP,eclewlowe2f
njaquemar2g@umich.edu,mJ1)>dV_8E,igissing2g
nbondley2h@cnet.com,sN2~DgB0eT9wB,eleggen2h
spapierz2i@topsy.com,bJ8*BNY/whnQ$,tmcnair2i
gstollberger2j@sourceforge.net,lF9>$=B)Yi3'Bd,llangelaan2j
rdunnett2k@psu.edu,iB6.u\q`M5zsgrFU,lsleford2k
cpaolotto2l@slate.com,"wR0=a1""4=CR$aSS",vshelborne2l
theisham2m@csmonitor.com,oK3/aRW)|,jdrowsfield2m
rmcmylor2n@sina.com.cn,wC2<iP7IJ8?,barnefield2n
tbyham2o@wired.com,kJ0(V5|#fC8,frush2o
fheeron2p@moonfruit.com,nH1/\b#C7VXj{,svalenti2p
ascudders2q@storify.com,bZ8#cI6Aw)trAfkz,dmiddlemist2q
lsoares2r@prweb.com,"gW4/?""mLN'NA",evicarey2r
emarritt2s@google.com.br,fJ6{}b#`,aduddle2s
breis2t@godaddy.com,iJ6~1?S0'lzVJ6tC,msprowell2t
gschwandermann2u@dedecms.com,sG5&q?CqeYpY/EyS,jralston2u
cprosek2v@umn.edu,"rH0?//D""?cRgah",cbenedict2v
mlatchford2w@disqus.com,gX1@4=mf.eW#,mdavidsson2w
ggreenshiels2x@ning.com,pV2\FHG4?UWad_*U,cantrim2x
vbecerra2y@slate.com,bK4*f2BW#,tfishbie2y
adhennin2z@omniture.com,cB8/>QrP(3o|W*X(,fbeamson2z
tfayers30@google.pl,"cG9!Jh)C,%",aklicher30
rearsman31@github.com,mA1$MDK>`aix}~yv,ghansel31
mfookes32@umn.edu,"bN8#>.P>lp,J",mhearst32
lroomes33@spotify.com,"xE2%RH""=kr$}",edadswell33
ncubbit34@blogtalkradio.com,"vQ6"",1|a",amessier34
dgilardoni35@gizmodo.com,"pT2,wJC8EcS""'7w5",wweeke35
gtrevillion36@desdev.cn,rV4>T|uiCGri,aterram36
lseamarke37@mlb.com,pV3&hz`w,pmcghee37
rbaudy38@intel.com,"sW1%\A""unS,%+cq)",lmattis38
tenriquez39@phoca.cz,gZ5)Ck`sFv,fpetford39
hposen3a@bloglines.com,"kI8>+bC,Z9G",jbrennenstuhl3a
sshiers3b@bandcamp.com,"sC1~OI,b$ta6""",mkingsnoad3b
chartley3c@wisc.edu,qT1$}'mpYs$WH,arock3c
jgoldstone3d@hhs.gov,hS7>uWRQz\vBJb1K,dgrishelyov3d
rjanata3e@people.com.cn,zU6`#zU@4/fYTH,aharman3e
tbulpitt3f@usatoday.com,vL7.nCD%b=@X,mcarnock3f
cberkeley3g@google.co.uk,eF8@La`s%/,mmacilhagga3g
kdonisthorpe3h@webnode.com,"gP8/l""U$=+iq",asprules3h
gkitchen3i@techcrunch.com,pT1)Wo<Lqnd\8~JR,mperillo3i
ccellier3j@slashdot.org,nH6$OZ&=,teddisforth3j
elilie3k@reddit.com,aQ6_wUQHh,tcarwardine3k
lpigney3l@booking.com,iR2}?}3EzgkDbo,cvenn3l
genrietto3m@icio.us,oO6`tE8tjm3`@%,ntwitty3m
mbescoby3n@bravesites.com,tH7?sj$t<|ZS6,pmcterry3n
zpenvarne3o@house.gov,"bF0#,/haIH+Cm",mjervis3o
asmalcombe3p@jimdo.com,"aS3,ycbBP*ZuYkO",cbowld3p
jhackly3q@hugedomains.com,zP8$Ne`O,kveysey3q
sbaglin3r@stanford.edu,yQ5(Q/<`sK</jkB\,mmeehan3r
trossi3s@furl.net,"zL8!}L,72=n(9",kpabel3s
rwrightson3t@ebay.co.uk,jE2$vdGxB_ws)%Ks,kbessom3t
gmonksfield3u@huffingtonpost.com,qV5?KRE_c!1Oi8,gdimeloe3u
sizzett3v@zimbio.com,qD3?xa6oe0Z=|_sY,syarnold3v
pmarcome3w@tuttocitta.it,"eJ1.,)c#/",jberrigan3w
cmichelle3x@va.gov,qO1~1D@@l{~pA=,rhayball3x
aspincke3y@printfriendly.com,zY0&j2t`F~@y,sszanto3y
vpeggrem3z@newyorker.com,kB7?@Q~Y,dlockhart3z
gsteven40@narod.ru,"tJ4_I?'r""6",hwickerson40
lgeare41@who.int,vD6@|$6Y0(a,melleyne41
vlivingstone42@techcrunch.com,"qF0'""Rg#{Nxq/2",hbresland42
nezele43@java.com,uT0'#CS&`Y,coates43
apaaso44@geocities.jp,iJ8\wY!UnF,dcornelius44
astihl45@ovh.net,sS5<#O!R!'n`&,fmayou45
djopling46@pinterest.com,bF0_+dL0vdk,lmanicomb46
mbrecknock47@pcworld.com,tN5}elcj=,gharmon47
roswald48@prweb.com,hX3@$Nr3tg,hissitt48
mgreiswood49@studiopress.com,iX7*`CVpSym4=w0,kbradick49
slandsberg4a@github.io,cK3|rT44DU,haspinell4a
cragate4b@army.mil,kZ9)nGXInhRB*nj~,pharmer4b
aprew4c@goo.ne.jp,uR2\''J&QW},gpotebury4c
mpoxton4d@cmu.edu,dA3_\4psWn,bstorrier4d
rparradice4e@yahoo.com,dX8?X9!bI*,tscarf4e
llibbe4f@prlog.org,oZ5`<(&BBdX,lmorgen4f
vburnet4g@netvibes.com,wX4<aDenf,ksimnel4g
nabate4h@delicious.com,mT0(V%ZWD{K!`,etitmarsh4h
bambrosch4i@youtu.be,uQ1<KYRU'G,bhallworth4i
zlaxson4j@latimes.com,fM5$Ybp(Mn$d1VeM,dingamells4j
tkuban4k@cbslocal.com,zR6=Um=wFs(rmJr,rhuish4k
greadmire4l@mysql.com,xA6*51vQ/UN,tduckworth4l
cbamb4m@nyu.edu,uY2'G'!BJWqdq/oa,gbaumann4m
dwittey4n@apache.org,vK0<@NS/W${9k,kswinn4n
lkadwallider4o@prnewswire.com,pL4&D~}J*h<K_,ekeaysell4o
omaccurley4p@networkadvertising.org,"hB9,8@(0YA>0#Dio",cvanderspohr4p
elethabridge4q@pcworld.com,dJ3`zX7Qu7I,dnewns4q
bkelberer4r@domainmarket.com,eR5?FP9v!,bgrioli4r
smalan4s@facebook.com,bX7_Ow\/=qh,gscolding4s
esnel4t@nih.gov,"hR8,}!/4zh_J`G",tmallock4t
bdelooze4u@nationalgeographic.com,"eV1,ZM)E'wtC1",ralmeida4u
jkliment4v@quantcast.com,eR2*l1k7hX3,jfisk4v
cfelipe4w@arstechnica.com,wD7*EJDx|x9gRlwp,kmechell4w
clegrice4x@themeforest.net,fP6\EtP9DZ(,ahelleckas4x
mchetham4y@nba.com,bE8|YGU~RE>o,sbodham4y
hspivie4z@huffingtonpost.com,gX3>46G#sD,lfernyhough4z
jgoucher50@youtube.com,kN2=xZg6L<(a6,wblyde50
ocounihan51@bandcamp.com,kS9/$$M2$ssgW,fewens51
mpittham52@shop-pro.jp,"uM3$4&,}XT",ashelly52
lvanarsdall53@godaddy.com,nI2'n9fv,mbrumpton53
jbergeon54@nymag.com,"xH4,?DiAY",edorsett54
grawls55@china.com.cn,"uI8.Y|,=",ccartmell55
apopplewell56@epa.gov,"eT2+rsrfc9g""tQ",dkilduff56
ybaldi57@myspace.com,uP5<C\Q|vI~%!t_,evanarsdall57
cyitzhakof58@twitter.com,vF1(<r84@kz\5n9r,mmacpadene58
rbarbe59@exblog.jp,"iF6\,i!5M",fbereford59
tscimonelli5a@aboutads.info,"oI3}Gr{\`xf,www",tdougher5a
hwhitehall5b@liveinternet.ru,fD0%IMYz2VM,mbomfield5b
acopello5c@ft.com,uD6>cSc6J`,bcossons5c
dwalewski5d@theglobeandmail.com,zM6_&6Y6,cvaugham5d
btejero5e@wired.com,yN6)lSUY?S~Ec,ggovier5e
tmarzele5f@theatlantic.com,cE1.2!S_Qgk,sshovlar5f
fepiscopio5g@ebay.com,aU8$StwAz,mwissby5g
tredhills5h@mac.com,"tE6""MTp6vtS<y*T",ujelf5h
dnewborn5i@icio.us,uX5|H_V~q,rfairlie5i
tassel5j@globo.com,eA2)8}g{eN7t{,litzig5j
lnoseworthy5k@umn.edu,"nT4`,91g.Xd",aovenell5k
jpenvarden5l@jalbum.net,jG8=P8>3Lw,aalgie5l
cfluit5m@newyorker.com,rQ9<I)S3,dcunnington5m
rkienle5n@mayoclinic.com,yZ5<%{EE>ID,ewinyard5n
ekettlestring5o@alexa.com,cT4?b?=b,dhalt5o
kconlon5p@seesaa.net,kR7$>{kdDr@SGdi,hmalins5p
vcluney5q@phoca.cz,cH8)!f9KsR,eantonijevic5q
atorbard5r@diigo.com,"dK5,'a~3X~=6VO`",sweathers5r
squixley5s@nbcnews.com,"mS4?""eRq?kDdBcq",gcharker5s
owoodham5t@sina.com.cn,fS6+#E\H,lchrystal5t
sjedrysik5u@salon.com,mY8'kf#2O*6lFv\P,seite5u
bphilipart5v@networkadvertising.org,"sI5&+rqj""ti!",hmckirdy5v
aklimushev5w@cpanel.net,fI0**QZXF9!,cgallehock5w
dcominoli5x@cisco.com,dP4=kDi'g,ggiacobazzi5x
aconnold5y@apple.com,"mA6@_pWx,?4f0)",jtesyro5y
gfinney5z@nyu.edu,pO2`AwAo?{58,otwigley5z
ipatullo60@rakuten.co.jp,rR0?y/p'l/NUk,tjannequin60
gcarlucci61@marriott.com,"gY0,82EW_",anorthing61
awalthew62@goo.gl,lA8=n`Ir{,gdudin62
cpickless63@yale.edu,"lG1""15OWl",rtivenan63
mbenam64@smh.com.au,rL6_1g3k#S1A1`dd,espon64
dmedgwick65@artisteer.com,xX0|.Xoy,hwagner65
lgodley66@jugem.jp,uP3&l%a),aarnopp66
gcraigheid67@illinois.edu,kF7!bx)eS'D(YJ,aplayfoot67
fchinn68@list-manage.com,uZ7%(2t1EV3,bferrillo68
lpaschke69@fotki.com,rW5`5XUp6,cloidl69
rwhetnell6a@ibm.com,lA4?xh<=,jaikett6a
ehallatt6b@washingtonpost.com,kT6\)AKA,mgiabuzzi6b
kfullun6c@geocities.jp,aT3>3F4s+d,rtoffel6c
ajunifer6d@wikia.com,zW9*5vt<\oZd?,lcaulier6d
mmuckle6e@lulu.com,dI1&!Qpc2M!},cmation6e
gheintzsch6f@naver.com,"zY1{!{dYO""{wYyi",rorder6f
hdefrancesco6g@newsvine.com,gI3_78Fzxi,lruegg6g
bbasire6h@squarespace.com,xD0?f7ga,laldus6h
mcawood6i@upenn.edu,xS7=u\@wv{1bp,cvigne6i
dpopland6j@ucla.edu,"zX9""`QXJ8B'Fkb_",cjosum6j
jjanczewski6k@examiner.com,cH3|Ie*$jL5,dlimbrick6k
mlymer6l@xrea.com,eD4\06{9j`&EZ$z,sberrisford6l
cmclernon6m@time.com,bF2\.RXHGp7@{,gmintram6m
danderbrugge6n@fema.gov,tQ5{SqXcJJ*78,mlumsdon6n
abodiam6o@weather.com,"qN9""97Ir(8",vstell6o
rmiddle6p@alibaba.com,"sZ3'F.B=IF0I~""$!",acasazza6p
kmonument6q@flavors.me,lS1\<vH*DLEkwV,nrennolds6q
mheinish6r@privacy.gov.au,cQ2@Ju`L,dwilshire6r
sdugald6s@yahoo.com,lK5.Zf|Yg1G_c,lstait6s
ctunesi6t@surveymonkey.com,jP8@O/9)Sblo,fhaglinton6t
ehalbeard6u@vkontakte.ru,dR0<c0Y)LD5e,jsidlow6u
oviveash6v@spiegel.de,"zY2\MN.,S?/q",gmiddell6v
tmendel6w@nymag.com,cJ1}wf1$,asoares6w
ahamor6x@princeton.edu,pY7|{\GmM4,zblagden6x
lsantore6y@bloglines.com,sZ1|4%o@1xxUCyCI,mtapping6y
vboullin6z@xinhuanet.com,xK2'gim`um2Wn},lheindrich6z
aiggalden70@washington.edu,qZ5=6xF*s,dharland70
chedon71@t-online.de,sV1{(I_)d,tbedham71
cblundell72@washingtonpost.com,bR8#k!VwIhZBo,mgludor72
uclacey73@trellian.com,fK2)3#y1A,ahallward73
ccharge74@amazon.de,"oG4?P,""=%d(r,I",sschaumann74
lkasbye75@fda.gov,"cK5""?T<~yorX/",tflegg75
lpalmar76@sogou.com,qT4%/hG'Qji}(<<,sgulliman76
ifochs77@oracle.com,"dV4@HXo""",fconboy77
dnettleship78@networksolutions.com,iU3~gxY4QNS8{L,crenwick78
dedmans79@creativecommons.org,zG3/VY<%_%F,cdeetch79
cdenisovo7a@google.com.hk,pL8@4{uU,astoaks7a
ugirvin7b@bloglines.com,kV9@XDDit9Xsc,bbedborough7b
rtarpey7c@mysql.com,eO8*IC<a9\GmZ,zillston7c
mgronaller7d@slate.com,iC3{Rks'Wa2,yjosephoff7d
hpiecha7e@google.fr,"jE8""+y\<`FO\pQv",abache7e
bblenkiron7f@telegraph.co.uk,tV0&_(sN4Gc,trapley7f
vtossell7g@time.com,wI1@@V0tT_MRI@}~,gmerrick7g
wdawber7h@vinaora.com,"nK4$28xDD,T}oVUl",troutley7h
jscally7i@unc.edu,uB0`}Ro+Lr,dmateev7i
mdwane7j@skype.com,"xR2_0{M}""7(Pm",olinay7j
smacvagh7k@si.edu,vG5|})`)R1?ATe&s,jgillhespy7k
aquincey7l@nasa.gov,nP4.x`K9NEm,fpople7l
kbunston7m@ameblo.jp,sZ9{43Gt,mjiru7m
gvasechkin7n@cdbaby.com,wC6@2vj@w#,tworters7n
mphilliskirk7o@foxnews.com,jX9}i6w!,blandman7o
ctuffs7p@springer.com,zJ0`kh+Nr06s7cH/,wemmott7p
dperschke7q@reverbnation.com,"wH9`SJF,nRTGc<",lhucknall7q
cerricker7r@biglobe.ne.jp,"xV5=DEsF(""f",nartin7r
mmeatcher7s@eventbrite.com,"rY3""H~>\`9deIOrz",mcolledge7s
lvoff7t@smugmug.com,"vT3`j7uIdLS""+q",mprozescky7t
ibahls7u@digg.com,xW9+<}~6`=,ilamie7u
afearnside7v@google.it,sI3@/I9kadXo+r<N,gkilford7v
aepgrave7w@nps.gov,fH3`'j\+C3Kx0,svinecombe7w
edodman7x@mozilla.org,nI7$b<}sm<+a+,hmckall7x
tporritt7y@rediff.com,"mF6""FNg"")Io>'4",orieger7y
alowles7z@stanford.edu,hY5=.2$OBTcp1pjk,ahackin7z
ablondelle80@is.gd,"tZ6.,~{7}*!IB=G",eachrameev80
sfawthrop81@canalblog.com,yA3=8&FWJ,pmarkel81
hnicklen82@delicious.com,lL9*NuW%<,ejewell82
bbouskill83@mac.com,"xH7<#'dD|VB|f,M",bcasford83
rivanitsa84@vkontakte.ru,vX6`q`w'ZZ)DSs@,pshearer84
hdome85@blogs.com,aN1(B~(9(u,gricart85
kanthes86@japanpost.jp,xM2*k6LBPhR,ccunnah86
vrewcastle87@google.co.jp,tF7<!?+p$vgA1%kF,pteas87
ihapps88@usnews.com,rR2<Y20@ju,gforrest88
gfenech89@godaddy.com,cM4/P4$T%!@,mert89
cboutell8a@sphinn.com,"lC1""w7z_)DEI",tsmickle8a
cpennell8b@forbes.com,"jL6/#""""s=4.T",bdawkes8b
cloxley8c@blog.com,"uG2@k|,lT|DvtZF+",jlambourne8c
ftrudgeon8d@fema.gov,nQ4?vf3YY,jblinerman8d
oheiden8e@ustream.tv,uS3@<Svu32`)A,msaddington8e
mutridge8f@ted.com,rI5#LgEP\Ow,aroast8f
jrossi8g@ucoz.com,cK2)&FvXL2C9,goluby8g
mshafto8h@economist.com,uC5*xs8+,wriha8h
gparr8i@1und1.de,hG0%={ko0Wl,ljosifovic8i
lalcoran8j@thetimes.co.uk,"kV8>\A""|""xo",avongrollmann8j
mbunson8k@alibaba.com,"bK7,mRDc",jwickmann8k
draddish8l@mtv.com,fR9@QE)H*,bfidler8l
kreddell8m@mayoclinic.com,wQ9!xhhd,smonsey8m
eholwell8n@google.pl,eC2\0rdwow!,vlowndes8n
epardie8o@weebly.com,oV3&@druRb',lvandenhoff8o
mrafter8p@usa.gov,tZ1|4qFkhO'Z,srizzotto8p
dshanklin8q@adobe.com,tM9\?)K0*$\,msacco8q
lkitney8r@godaddy.com,dM4#ov$d?,dfranzke8r
mmundie8s@ameblo.jp,jM0@XgC(p7y|,ccunnow8s
sodriscole8t@slate.com,"lO2##""8NJyJ",cramet8t
kmcclaren8u@usnews.com,aQ7!i6Xg,tsenecaux8u
gfishbie8v@elegantthemes.com,"yW7+S,D%s",ddellit8v
jbeardsdale8w@tmall.com,bC2?XukcW<Vp\yH,rolijve8w
ysouth8x@spotify.com,iP2*THO2V,gbrockway8x
jbellhanger8y@yahoo.co.jp,aP2\HW>L8753g8,djerzyk8y
ntranmer8z@shop-pro.jp,jI1})3i|zwhx_YK,sscullard8z
gkrzyzanowski90@squidoo.com,dU2%F5#DKXoe,mscoterbosh90
wdraper91@ezinearticles.com,hX5!N#NPR|9Y,breimer91
anys92@nyu.edu,iG2})lkr!Nz$M/A,moaten92
akillshaw93@sohu.com,qQ3'x$=niP+,lmullineux93
dmunton94@mapquest.com,"qF8/Iiiy?F,&",dkleinbaum94
ctremethack95@blinklist.com,zO4=FWhU,kkeld95
smccomiskey96@imdb.com,qH8@Vs?WI,jlimprecht96
mganning97@ox.ac.uk,sM8`BcfCAP,gtomaschke97
igowler98@printfriendly.com,cA5$(J1rn9i+,jpetersen98
jknibbs99@biblegateway.com,"sV1,mut~",ebenazet99
msercombe9a@live.com,gN8&5|$(rg~nM}FM,mburde9a
dmcgiffin9b@e-recht24.de,"eX8""Qe<0iAC",ttowell9b
ktomenson9c@illinois.edu,vZ7/}k6Sh!,akhristoforov9c
whearnshaw9d@auda.org.au,vP8{<FAS9a,kpury9d
lfisby9e@moonfruit.com,tF5`la+r3=AJ_>,llaible9e
rlawrie9f@pagesperso-orange.fr,pH2@9k%R>L{F,sdeblasio9f
alehr9g@netvibes.com,vE6?Z4tw,dmccullagh9g
agoggin9h@devhub.com,uH3~8hEKc)V,pcolthard9h
tkellegher9i@cdbaby.com,"xI1""Zi$nFCwy|$",msonner9i
fcrowdy9j@hexun.com,"hM0,<J\N",prumble9j
kgrayson9k@pbs.org,"yB1`aMFu?6kA.~7""",mokinedy9k
nboorman9l@washingtonpost.com,oB2?YwhLn,adunsford9l
flidgertwood9m@lulu.com,aY2~leOk/,emelby9m
mallerton9n@icq.com,vM4(%Q#\+rD|YW_m,craysdale9n
skillbey9o@rediff.com,"iX9,mc7GG$+mRVag",epocklington9o
jpritchitt9p@sbwire.com,xX4(kX7Ni),dloker9p
cvaulkhard9q@patch.com,zK3}7em@A0s#sugd,gdavidwitz9q
mnorthage9r@ifeng.com,jQ9?z.CEv,belkin9r
rdragoe9s@ucoz.com,rT0|O4mky\R9L,ypaulot9s
tkarlicek9t@istockphoto.com,"fR4#P""0V}4B",ckeysall9t
gbyard9u@webs.com,xJ7%`)m6,lhusby9u
perrichelli9v@prnewswire.com,nN4!NsJ`,bklulicek9v
kpencost9w@jalbum.net,"sI2,}RotZk.MJ",lotoole9w
wwelman9x@simplemachines.org,bV5&lACij,vmarriott9x
fmorales9y@dropbox.com,yK0{5%1S'9O<?d,snicol9y
cforce9z@dell.com,lY6'({&TX\,gspurrett9z
chuckina0@chron.com,lJ1*>4)}q3G.wSJb,hkennermanna0
dvaninia1@ft.com,tD4$%9sh+BF}$,cgotcliffa1
vmontforda2@reuters.com,"xW4?P)VdjrN,1|",zchettlea2
cporcha3@nih.gov,"fX7"",M9({hH",dhassenta3
egiacopeloa4@sourceforge.net,xT1%LK|6,gliggensa4
mdunkerka5@reverbnation.com,nF0!##!P\di,sbrandenberga5
adunnea6@geocities.jp,bZ3?9~6NTbx7<G,tkalewea6
ldeschellea7@blogtalkradio.com,wV8(J=JJ**GQV,mmccaddena7
rkolesa8@chron.com,oT0`<k05%r?e<7s7,gharroda8
rroycea9@globo.com,iE8)Ey)w7$,njacketta9
jbewfieldaa@creativecommons.org,oE7(p${*~_#2,mpeytoaa
mnertneyab@berkeley.edu,mF2.5/R'nbusklG,hdebiaggiab
jdehooghac@joomla.org,sM8$Jq|u,mbrentonac
dfernyhoughad@constantcontact.com,"dG2,nOw}B",asandsallanad
cbulledae@fema.gov,lH1&W7THAkh}r,cbessentae
cwoollinaf@shop-pro.jp,jH3%b_K4S}sfHl+G,aurlingaf
sgreenleesag@lycos.com,tL7!cQb7xR_rPjD,rkilianag
dsidnellah@loc.gov,pD1$.$eP4Dz(T+,meronieah
mclaussonai@paginegialle.it,"zY2""D#!K~/hZ",bduckerai
zparsallaj@aboutads.info,lW3<@Y%OTD,nboataj
mmerrillak@wix.com,hC7>!hNC)k7QS,ahowgegoak
cprendeguestal@sakura.ne.jp,iX8$d3qFmNu,gepineal
wfraczekam@zdnet.com,rC4{.Ufxtj~2RPOi,jcahaniam
jkeitchan@1und1.de,rU1'@FuZZ2sx*,ntonksan
umaccafferyao@merriam-webster.com,"oA3""\}2%OC7vtR",ccreeao
aellicottap@stanford.edu,nY2*D64*.UM%W(`,mweatherheadap
awitcombeaq@edublogs.org,fH6\YedHu=!f,hcaughteaq
dbrandenburgar@ucla.edu,"rG6_#NZP{1u""dk)/",fferneyar
pjahnkeas@blogs.com,lN5!!{ettSJ69,sberfordas
sfergussonat@opensource.org,bH7)HMyU=22uSB_,rtuckwellat
pferreaau@wordpress.com,gV5(tMPryR_,lhodcroftau
mlauderdaleav@usa.gov,"iM9,~z""j",tpowderav
bcrichaw@canalblog.com,gR3\3/r#,kdemorenaaw
thastwellax@nydailynews.com,"rV1%,&e*3H,$as=J",escownax
ndunnanay@google.com.br,kG1*P3Jr_v,kvowdonay
sboomaz@hc360.com,zV9(/m/'`A{,gdesforgesaz
gdanielsb0@ehow.com,zX8{br#S7k}H',joldfordb0
fgardenerb1@va.gov,"zW8+z8+n7{#$""ktH",gormrodb1
ssyddieb2@imgur.com,"nK9$""oQqR0E,2Y2x",jbassinghamb2
fsabenb3@com.com,rO8)rY~Cd,wphythonb3
bbaldwinb4@sphinn.com,cX9.MH2E)qkO,scantuab4
coldacresb5@histats.com,"cQ6.qv{\n,%T",rtaverinerb5
kkachelerb6@spiegel.de,xZ6)NX0t~,bmarshmanb6
rsparsholtb7@jugem.jp,"dN2_""5""k",jchristmasb7
ngerardinb8@usatoday.com,zE0$dus@cC=,jgydeb8
sswinglehurstb9@xrea.com,aS0'@SU1c=!n,nyurchishinb9
kyandellba@scribd.com,bQ9/)64!>x,alindba
tferybb@domainmarket.com,sP6+(Ui>~eWAVB.,escholzbb
jmicheaubc@google.cn,kO1@@Z9b,npetrovskybc
chearleybd@eventbrite.com,xG7=Gen%Xe6F|*i,aabbissbd
gmclellanbe@yellowpages.com,bB0#k*(CH!+M,cweinsbe
ctillotbf@jigsy.com,gS9#YzS6nX.4Tu,cduerdenbf
eblaymiresbg@springer.com,"zS5?{,E$XNT|,",hsteadebg
rschaffelbh@ifeng.com,"uP9.,Z)jVD%",mspatigbh
sgoodgerbi@reverbnation.com,pG3$X6$zXmY,wandersbi
lghelardibj@xing.com,"iK9~I}a,`",hfetterbj
rcodebk@parallels.com,uK0'nP>4vNKSuz|L,banthoinbk
llargentbl@ibm.com,gY7(Cup$AJX,lwinstonbl
usporlebm@usa.gov,lE4*i~s)7(D,bstamperbm
fhillittbn@dailymail.co.uk,eW1>4ytxj6QG1,rcameliabn
phuebo@cbslocal.com,tZ8/?+/(9ncb,bsuggeybo
npopelaybp@chron.com,eE6&%@q#AWnL?iIq,emormanbp
uhenrotbq@blogs.com,mU3'xhH@XI$lTK,jrositabq
jmazeybr@loc.gov,cJ2+gq&I{=2,dgradlybr
aspelwoodbs@indiatimes.com,oV1%6U#pwZD!,vbrainbs
fbloodbt@mapy.cz,pS2<qjC8EN,djeromsonbt
sisetonbu@cnn.com,zZ8*vQei.,ahambersbu
baronoffbv@stanford.edu,iL3>S9~r5!FL_2,vbassonbv
gshovelinbw@shutterfly.com,"tD0\X`H+.1=,ZYlu",rrotterybw
achekebx@uiuc.edu,kF1(6|7d/=,xdoubledaybx
istedsonby@bbb.org,oJ1{ykupon,cweathersby
aelderidgebz@yelp.com,"tZ1}qI|T)ER1,",bratraybz
sburdisc0@tripadvisor.com,jG4!ygyw,rgaizec0
hoguzc1@ucsd.edu,hQ6{sm\NS_(GL,avayroc1
slackneyc2@samsung.com,aD7%uuA<igdPY/,ckneelc2
kcarwithenc3@nydailynews.com,dA5.4s$4C#y*EYi,bgovierc3
mkerryc4@reference.com,jZ1){_75MV,amckimmeyc4
toriordanc5@weibo.com,xX7_hl#e'FJ(C,fdegliabbatic5
rcinoc6@mediafire.com,bG1{{3&#t,mrobotthamc6
sjepensenc7@godaddy.com,uF7(*?4eC,dstapyltonc7
lpaxfordec8@virginia.edu,"jX7.}u,)F8q')2",ogarretc8
rolunnyc9@woothemes.com,pC6<*jbD8tBe2~Z,lmouncherc9
dlarringtonca@biblegateway.com,wZ3~+IKuf,fdanielca
cferribycb@cmu.edu,sI3%t1`tBdT?TQ7W,adefreynecb
nbarefordcc@barnesandnoble.com,gG1/uRO0Bm,atowlecc
wbortolcd@sogou.com,hD0')EIj)KhgNq,ggarattycd
dtinnce@foxnews.com,iY8)3'gF,mgradonce
tbingellcf@naver.com,oP9`|X)yr,jkornascf
hdoullcg@bbb.org,jB4)!mOi{Orz%,wgrunsoncg
jleismanch@pinterest.com,"rX6%R=IOH*{,",hcollipch
jothamci@cyberchimps.com,rM6~9i@`0!<l,htimbridgeci
pbartaluccicj@deliciousdays.com,"jR3""lfj+4iu\",rmarcroftcj
tbridieck@japanpost.jp,nK1)W0($U6uU,ekingck
amassycl@ibm.com,rC6&E)qd,kdreinancl
jschonfeldcm@phpbb.com,"pE5*45,np`_#1r",lbowmercm
smingocn@ehow.com,jD3\E(gy,syakovichcn
zmacconaghyco@tinypic.com,rM2%gr$zn9m,glegrysco
tkeadycp@wired.com,zK1%zse\0*r,ohundalcp
fdiblingcq@about.me,"qK2\VCx@jf,#T",zimmcq
rbedowcr@springer.com,nL8(8WwwsJ9jyAw,mperricr
mstubbincs@ezinearticles.com,"aF6,G9t$uftMN",alambournecs
kcrimct@boston.com,yW1~K<0#qw_,ihanesct
nyoulecu@globo.com,dF8**k&W(=#NP#i,cmoughtoncu
acolbournecv@creativecommons.org,sX9!Z&dVp2)OP,gdrohancv
bbondecw@twitter.com,xX5+ute2,kclarkcw
rcromercx@cornell.edu,pM5/rp*!I,kdoldercx
lpickerillcy@berkeley.edu,"qM5""lO#30h",dtemblettcy
mbullercz@rediff.com,"hL8""`!6<MJby",gbyrdecz
mspriggsd0@scribd.com,sX1&9moV9F+e,ekasperd0
dsibbornd1@blogs.com,kZ3'2AI42=q,asnodind1
lvolked2@bluehost.com,fR7/(o}JE!a,cflaundersd2
yhirsthoused3@intel.com,fB9_/Tj`a!0=,pgoodered3
ttonryd4@bbc.co.uk,"yT9{,08u%2O5p`?",dcovendond4
ifrawleyd5@e-recht24.de,rJ6>K'jV0~%%#,jdelafoyd5
lcaprond6@newsvine.com,rQ9{4}(e!rpulsy,kschoalesd6
wfaltskogd7@fotki.com,bL8=Ey>a7lf,mfallsd7
twarrattd8@google.ca,cN1?VaKUT,tmagnusd8
bquiddihyd9@ucoz.com,uN3.nj~`mA,rbiggind9
efawcettda@qq.com,"xW4""2$t'uBMR",mpietrzykda
bpanterdb@discovery.com,uV8(ey|5a2\\H3V,gbampforddb
aflattdc@ehow.com,sQ7@+3ZXK669g,fmcilwreathdc
nskakunasdd@google.co.jp,eD2\kdBw,ctimbsdd
nofallonede@jimdo.com,"nM5\?%DF=%""g.6",nrohlfde
warraultdf@mozilla.com,"hZ8""R`J)PrmN~R",nhuleattdf
ggristhwaitedg@reddit.com,dE0'{#%1%d5,mtickledg
oprewettdh@elpais.com,qD6'}RF$(QZly,jhaydneydh
mvitlerdi@xing.com,bQ5`VH*YyF~,lbickerstethdi
cmenuredj@independent.co.uk,yK0{s=nX/i?`\iTH,acolstondj
vkempdk@go.com,hM4\33\~,awycliffdk
szupodl@myspace.com,tU2*jW7\i,msurphlissdl
inoardm@delicious.com,cS5{0.hw42%hvl?,sfairheaddm
etizzarddn@diigo.com,rG4/=`_NWM,ejemmisondn
cwahnckedo@opensource.org,fZ5*oS$SWikH,ggrummittdo
apeattiedp@engadget.com,nC8!AP+Nzm,nwhorfdp
cpeasedq@guardian.co.uk,pG9`3kWw,pscottrelldq
rkulasdr@marriott.com,cF8#F*WIqPG|T'`,mbonusdr
rbrongerds@alexa.com,yX8{e'VMnEGujv,vbrookesds
rlaughlindt@huffingtonpost.com,tM7/idPaqj1Y9,amaturadt
vishamdu@multiply.com,hB2/\$qO.u*f,liacopodu
amoredv@comsenz.com,gY5(QQ))bUx},mmellodydv
mrobjantdw@uol.com.br,rA3/+}elQ,tlimondw
atraylingdx@illinois.edu,yJ0{)7Xuy8m,tnorthcliffedx
jpautarddy@miibeian.gov.cn,"dR2""4,Cb`8'nX",cpasmoredy
fyewdelldz@comsenz.com,"zB6|!q""'FK",ltargedz
swiffene0@gov.uk,cA5+ayNUeT+,jcastelyne0
jdebankee1@jigsy.com,hJ4\>v%vYA,dhealinge1
mthomsene2@ihg.com,wQ9}aCu1n4=}lSO,mantosche2
cmcalarneye3@marketwatch.com,oH0&JgOa.Jf/,ejersche3
lertele4@microsoft.com,oO5+GW'},ebendike4
gashforthe5@ow.ly,iN2)+gmoK&?$sdte,mcondye5
gsilcockse6@discovery.com,cD2@Qs0{A&,kgreatbankse6
tlidstere7@marriott.com,zY9\BwQ@{xRGN1+l,rwonhame7
sclemsone8@cyberchimps.com,hM5(dfZo@>@7,gsteanynge8
kgerhartze9@howstuffworks.com,oT4/0TF/ewW~(,tduffine9
jdaubyea@studiopress.com,yS8>5FYh{,olindermannea
hbrumbyeeb@last.fm,"pF0<l""!QHkvbvC",lmilnereb
jreinbeckec@economist.com,kE4>CmXYnFLV,proncelliec
pwordsworthed@trellian.com,tD1)GUxl$88,ejonahed
jsabateree@youku.com,gC9.=Ys1M*,aerdisee
gjukesef@army.mil,"rZ5""QSVC)56l",ctennisonef
nparleteg@simplemachines.org,"dB0""/_?d",tkindreadeg
mgrouveleh@sciencedirect.com,zG4<d>'yIS,gbrandenburgeh
morwellei@mtv.com,dQ0='lm{{1x/zL<,tspenderei
bsherringtonej@jalbum.net,pQ3@g/to,gclemej
dinnerstoneek@google.ru,sL5/LLZB,mbeechenoek
kstefiel@geocities.jp,"eB1%~6@FBb,!o",hhindenbergerel
amalterem@aol.com,"hV6,bNqyZ~9wB(f7",rterreyem
dhonywillen@jigsy.com,jY3(hvK<.a<e{%,ecamiesen
csothameo@mozilla.org,rB9@2_X=R@kc,hmillineo
sfergusonep@unblog.fr,xM7%KbwvA,mswinneyep
fbranscombeq@constantcontact.com,"zC7#3,>bjb*Xx4",wmaidstoneeq
vsuffielder@imgur.com,sM0}gqUnjepA8Zi),lmabeyer
kedmonsones@uol.com.br,yN9_u2.xc+&S/,mbarringtones
dsissotet@etsy.com,xS8?lacJg*,dgalleyet
ddargaveleu@artisteer.com,"bE5<>n"">mI",gyeldingeu
amcguiganev@soundcloud.com,rO7'WD4'i6Eb,cjevonsev
mlindebergew@cyberchimps.com,yS9$w)/y0q,bmanifouldew
gparcallex@aol.com,qT5&Z$6nu,lscuttex
rgulkey@pagesperso-orange.fr,"nQ0#U,2`b)kBq')",bbouldingey
mclerkeez@dmoz.org,cG6).yjOm,dlernihanez
bjachimczakf0@gov.uk,yU7`DD83UXuwGQ(d,nhewf0
htunnof1@altervista.org,eA1?U2K!,gwysonf1
fbresnenf2@rediff.com,vJ7~e>nDl#Jj'P!,rvielf2
fanstissf3@dell.com,aG3<CV=6Z~0{D,jgarrattyf3
smaliffef4@cafepress.com,"jG6>SKrcM,uk",fblewmenf4
grosenqvistf5@cnet.com,sA7%_'Ek}T9GE5SU,hsprosonf5
vkentishf6@java.com,bE5=*Dl==FUJ8R,jaspitalf6
lbattaillef7@dailymail.co.uk,eD2/k<0!=Mv,hstallanf7
bcleatorf8@un.org,iO0#11Hh?lcV?\0_,bwhitcombf8
sezelef9@imageshack.us,"oX7/{eb""z9SaXvz3",lgogayf9
spervewfa@seesaa.net,aI2#1X0we!~VOvx,vgermainefa
hfutcherfb@reuters.com,vJ2=YWIWdGZv},telandfb
mpargiterfc@jigsy.com,"tA0=+g7J0@m,+8Qw",bfabbrifc
aandreuzzifd@typepad.com,zS1=CgSIowT(q,acounihanfd
isillarsfe@de.vu,qH9*)*k_(8I8,abryentonfe
apardeyff@uiuc.edu,mE6'xc_uV,mabramovff
bstimsonfg@imdb.com,yG8_g1so_,arobertshawfg
adashkovichfh@360.cn,bL3)E<xkzn<jq,mdaskiewiczfh
mdenziloefi@creativecommons.org,uB7)U~2t>3Cbi,pconifffi
erevelyfj@tripadvisor.com,mR2%8dz@#O!hjYI,lpestridgefj
tblossfk@de.vu,"vC0|xF""jppM'x",gmcilvaneyfk
hputtanfl@engadget.com,oZ7}gb9is&0~wQN,mbittlestonefl
bduleyfm@deviantart.com,aN9=FFq#zD0*E1YQ,cnuttenfm
mkittfn@china.com.cn,dW5*Felk2,sjaffrafn
jhalpinefo@themeforest.net,eE9}=7(/6HtZP!m~,gmolenfo
ccrickettfp@canalblog.com,dF2.iCS+t.?2_r,rgoldsterfp
rleysfq@pbs.org,"aA8""G)w)>",mclaraefq
kliddiattfr@amazon.com,zL1+c6jU{_Vockj,ssmalefr
tbebbellfs@npr.org,bR8.ZraLA=Zg,olandreanfs
bcarwardineft@dmoz.org,nG9`l+9OC|d{.7(@,lfancourtft
hclougherfu@independent.co.uk,mE6(nK`6z,pbrillfu
nautiefv@ftc.gov,xB2/yS%PdDfY3k@,vdeadmanfv
tgreiserfw@github.com,"yG2!I)}anR""Ale",rcopasfw
sbriattfx@naver.com,iR3%\Rq#wf#Dim5,ajohnkefx
phurlesfy@mashable.com,"pQ0!4N$(""",rhadwickfy
jcaccavarifz@vkontakte.ru,kI1/1?<D,cbrownliefz
ghalfheadg0@yahoo.co.jp,"vU4$&e1""%ms9",lkeoghaneg0
rkonigg1@wikimedia.org,"pU0.A~*8&""+{",hgrinsdaleg1
vflecknoeg2@typepad.com,lZ5@V$FVD@1+',adiggg2
grotterg3@wunderground.com,cC5=rA\aS5yt*,serrolg3
lhurichg4@techcrunch.com,vI5>UfG*,wgrunwaldg4
rtremolieresg5@last.fm,gG3`+IU~u)Q,mshireg5
phavelineg6@hhs.gov,oJ1/Wu`n6~4|,mlammertsg6
maxelbyg7@intel.com,eH0'HC3E=1,rvanceg7
tmacneachtaing8@theatlantic.com,lS0)V|V>FoBR,alurrimang8
fdiioriog9@bandcamp.com,xT8=tm6ho}u|,crenaultg9
ccockshuttga@seesaa.net,cE9\aq/oti*T>{8=,gmaccreega
lomalleygb@ucoz.ru,"vA5>YC""jKJ=McIFP",elindstedtgb
ctriplettgc@xinhuanet.com,xM4>>DX(OH!xs2hn,jraltongc
vkenealygd@qq.com,"fV9~7,o7oa5",hlorentzgd
gbustonge@elegantthemes.com,lO7`.Ishd,ldukerge
kfarningf@taobao.com,"lL1""JkumU*U",zlawlessgf
kroongg@blogtalkradio.com,uH6*9tuc+,rohanveygg
wyeskingh@wikispaces.com,"tE0!v41,9",gchowngh
ejurgengi@webs.com,qR0#(P3A*,ncolledgegi
lselewaygj@technorati.com,"lP9!u4,*.R7",kbeamesgj
jdesouzagk@xrea.com,oV0%45G/,uscuffhamgk
lwrefordgl@msu.edu,uF9~02|+NPILfhE,jwoodleygl
rbewsheagm@businessweek.com,sA7%/TPV!|0+ni,gfoggartygm
gangeaugn@seattletimes.com,cR0)&LN},mlancashiregn
cmaccaghango@cornell.edu,eI8\\4lT2J,cmeekinsgo
scluneygp@discuz.net,aO3=>/KOy7,ngrottygp
istablesgq@clickbank.net,hA2!ef8{VquMr,hhelliergq
emackneisgr@freewebs.com,dL0~7Y=N{\qnS,jsnufflebottomgr
cpresswellgs@goo.ne.jp,"hE7,Zt_9Euti",mduftongs
ndymockegt@sphinn.com,gZ2/#(7R)V4,aphillippgt
jtreadgallgu@ehow.com,yE1%Vis&32AHS95F,dabbesgu
eclaesensgv@blog.com,hY1>zMta(/tA,gperringv
mtothergw@ca.gov,zD6{vC2lY4O.|Jt,wbampfordgw
dwalesagx@auda.org.au,"fE2{b9>nKn@,Lvdm",htingleygx
pellesmeregy@dmoz.org,"bQ6""H<$w9xU8>(=o",msaenzgy
arykertgz@dagondesign.com,"gN2#c@,D{7U*",tlewendongz
rfurneyh0@shareasale.com,bC2'#k5_NW.g,ccarvillh0
sbygroveh1@oakley.com,zG7$wn`),yhendonsonh1
nwebleyh2@reference.com,eM6*uzAI,rporteoush2
ajiruchh3@163.com,"iI4""""<Q)",bdolleyh3
lfrankcombeh4@who.int,oY6+Bs0C#>i{WzyW,gmallaboneh4
bmccarlyh5@qq.com,"tB1""/EP#@gh",hkealh5
awardleh6@disqus.com,eJ3.E!#G1,lcurtainh6
mgisborneh7@free.fr,oW5(!QDO.q?0Y0`q,fvakhrushinh7
ntubbsh8@unicef.org,"vB4<q$QCwi7y""?Q3",mtolandh8
rmaronh9@dailymotion.com,"mW9{BRtD,A",kchirmh9
gcasinoha@mtv.com,tC5.%(R._,cturfesha
apiffehb@addthis.com,vF1%U8MtyOh@_&d,lerbhb
rfaheyhc@google.it,uC9$vG_*M0pXQ,kveelhc
bgumbleyhd@walmart.com,lJ3+Zm?UT4jn,akivellehd
mdyerhe@1und1.de,dQ3~Hv_7(Irs8t,ktrunchionhe
fmcgintyhf@parallels.com,"wQ4""x5?)kfB,K\?",bdarcyhf
cmorrillyhg@europa.eu,tX1*&vB%INOH,fbruntjenhg
skollaschhh@tumblr.com,xZ4(D+P#O=y<G>SN,pcutmorehh
oboyenhi@shop-pro.jp,qJ6_|<~m',snairnehi
osodoryhj@163.com,bD2{#X\}Ts`,rprescothj
kdehoochhk@nifty.com,gE5}TYewA7X#%U,gdarthhk
salexishl@newsvine.com,zX6'yTsRqRQ{,ogladdinhl
spothburyhm@guardian.co.uk,yT6(*Uj%kx`8,mkassidyhm
dpriddlehn@washington.edu,hU6@mk(w,wpostenhn
cpoplandho@technorati.com,cK4)L?41}_.>%,hdesquesnesho
rmacmanushp@seattletimes.com,tF7`cW&qN0,adadswellhp
meathertonhq@nymag.com,eD1(bQEyG,bdellhq
bgunthorphr@columbia.edu,rF9..?j8WY!,vmobiushr
clugdenhs@tinyurl.com,oW8+ARFd4#Td!}4M,elafrentzhs
pstealfoxht@ucsd.edu,fJ7.n|fD,abertrandht
hhukinhu@squidoo.com,dZ2\qNzI`,elagaduhu
gdetocquevillehv@tamu.edu,uE1%?>h8rolynQPU,dpudanhv
bhuburnhw@lycos.com,yT6#WbC3_`j{g+n,athomkinshw
veglisehx@e-recht24.de,pK9~&~<}m,kvakhlovhx
gbrixeyhy@shareasale.com,cP6$k?jo,fpervewhy
fbassinghamhz@youtube.com,sK3&eECoY,kirnishz
kadamsi0@businesswire.com,"lK9,sx}$}UG_(DKy",keudalli0
ckubelkai1@howstuffworks.com,eS1/1T~`/p<,boverstalli1
iblodgettsi2@mashable.com,"cO9~u""U0fR3=Hko",mluetchfordi2
wtodmani3@hhs.gov,aP4{Y=7laMo,bfoulstonei3
cgauvaini4@dion.ne.jp,xW1#x/7y*xx_fFg,rdomani4
gkeali5@newsvine.com,mB8@*pklb,tcattralli5
ileitchei6@webs.com,"cW5#eA""Qz?V",kgartrelli6
bdeetlefsi7@nydailynews.com,sL7!vh7g%Q*Y{,blufkini7
cramshawi8@jiathis.com,bE5|?pv8\|,cpelferi8
fmityashevi9@msu.edu,aM6.qQ\?,fsinisburyi9
rschuchmacheria@sina.com.cn,kX1!E{sOd&r,mnutkinia
atomczykiewiczib@amazonaws.com,nX5)3ip5(h,aspiveyib
bjanacekic@harvard.edu,"qT2,Gm2(qV*%W*L",ntomkinsic
behlerdingid@independent.co.uk,"sE5""Ati+h'H0T~",jlepereid
epollokie@dyndns.org,"eU7,16t6b>a",kduvalie
kreynardif@odnoklassniki.ru,aQ3)p$T9GCh$mPl,lsappsonif
bgrettonig@canalblog.com,sT4)!JJ7,cguerrinig
cbahlmannih@simplemachines.org,gF0*&zV06!{a?%,hnewportih
csanzioii@eventbrite.com,"jV4%H#,E59sn(XA(",amatthewii
eepgraveij@mapy.cz,rD6>y/\J_m+1m~,mportchij
gfreedik@over-blog.com,sS5+IT{73,wbozierik
cguinnaneil@opera.com,qP8({Z'LGuq&zK#,kwyreil
fstivenim@seattletimes.com,sR5{5pShE72#1$,vstitsonim
apoffin@springer.com,iL1`{|uZ&,adecortin
cprucknerio@census.gov,"tN6~YnS#=pU""",emussottiio
depdellip@cdc.gov,hE2(91B+%@,fshilstoneip
ravoniq@devhub.com,"yI3'517M\H$fjp@,",agudyeriq
cklaasir@taobao.com,"oI2%yxqmW2?a/""",hcrennanir
ssneppis@theguardian.com,sD1+I#&OdL,mgarriqueis
llivesleyit@tiny.cc,eK1#}=G+9,tjegerit
ksancheziu@gov.uk,dO0=zJ}?,hbedlingtoniu
bduffiliv@lycos.com,"nJ4)&*R&E,8""",egreenroadiv
oblagdeniw@fotki.com,kL1&VBONmzS>YpAV,wduignaniw
cdunstonix@cnbc.com,"rK8,N/qd2UPR",sivesonix
efarniniy@google.com.br,rD5@?IL7tEQy,semelineiy
asteveniz@wired.com,dM8_DRd!,mrandalsiz
jmcguckinj0@i2i.jp,"hT3""{Sj%Ba",jschurichtj0
hyarrowj1@acquirethisname.com,rW9@1SD?s6pSF,ptawj1
lselmanj2@indiegogo.com,jM8)#u*63,bstanbrookej2
tbradnockj3@networkadvertising.org,eC3%e|$90G,gmarkingj3
rdederickj4@si.edu,rV8/CcUgh@,rnurcombej4
abeininckj5@twitter.com,"jT3""l'$a+@hoFT",whourstonj5
cbrealeyj6@sina.com.cn,lB2*8FgR,doconnorj6
erichardeauj7@huffingtonpost.com,iU3}%8MHd@rC,jguerreruj7
fparhamj8@jalbum.net,xI1>xOkg</\,sheapsj8
jtunyj9@i2i.jp,eH3|!@$4rxMz<Y_O,cmarskellj9
abreckinja@clickbank.net,pY6/(Rsla~Gdm1M,acavolinija
icaughtejb@webnode.com,aO5(P/W(e,jfloydejb
hrackstrawjc@digg.com,nV4$ulH|d,cbrickstockjc
jsargejd@vkontakte.ru,lJ7&jM)<6,jmaltmanjd
dpalombije@studiopress.com,"rU4)T}!jQ,wKML",ymeritonje
gtichelaarjf@irs.gov,dQ5}nIy1IQ\,lmaceurjf
uousbiejg@wikia.com,dH2#SL__nZFNN,kmenurejg
llomasnajh@eepurl.com,mY8%t)J>U,pminchelljh
mlearoydeji@bigcartel.com,aB4/VJN2Xm6>HkZ,dasheji
swarderjj@google.pl,vK5{9Xeby,nblasgenjj
badairjk@prnewswire.com,sY4<oV~l),esidebottomjk
wsessunsjl@businessweek.com,"bT6,w*s\r5",mhalmkinjl
efallenjm@china.com.cn,xP2#fHBJK'~wr`),spynnerjm
emcchesneyjn@newsvine.com,rR2/J\z7W,ldundendalejn
chayshamjo@clickbank.net,"bS3'X}""vUmhqpMI",gpedroljo
acapenorjp@senate.gov,"uY8{KwJCp,",cattfieldjp
ccinavasjq@mashable.com,yX1$9<cBj,tpinfoldjq
bpetreczjr@fda.gov,"iS4""AeI>ES9!",parlingjr
aickejs@cloudflare.com,"pT5""MD|ief",smckyrrellyjs
arobersonjt@si.edu,cI5?S<d/P7Sy2J,churnejt
dronchkaju@facebook.com,nG0)5K\xaQme/,kstpierreju
vrobsonjv@tamu.edu,nD1/f%I?)NYT,cmccardlejv
ejohnstonejw@artisteer.com,vT9#gTDe*w,hcochranejw
hkroljx@wsj.com,jU0+_F}`=,oburrettjx
plintonjy@w3.org,oX9_60hPF,odumbartonjy
tdarbenjz@psu.edu,bL4{{.ea,crutherforthjz
mdigancek0@europa.eu,vD3>0UHm,jpauleyk0
rcardenosok1@tripod.com,fS3_`YUxi+lMT`F,klashbrookk1
apetrushankok2@deviantart.com,bC9|ecH4,amccolek2
clunok3@comsenz.com,zG0=\GLkfuwG,cpietzk3
lleggank4@pbs.org,fG8>8e!j~,spoutressk4
kgoeffk5@sina.com.cn,"kU3*{I/o9&#=5,<f",sjegerk5
cbiasinik6@illinois.edu,"rL5""dJ~+0",bllelwelnk6
fhenworthk7@tripod.com,aP9%o>>%Bg'N~@R,jeasleak7
nbarnsk8@bandcamp.com,gZ9{6XW>iV,bkenratk8
hwurzk9@reddit.com,tD8%PH2q1/d0t`O$,bkinghornk9
ejesteka@google.co.uk,pP8>DX(lg(p,emccaheyka
clangfieldkb@cnn.com,"eT6<dAJU,PP7ck",tleppardkb
gdaynterkc@over-blog.com,"xJ6,<<XTYj*mYI0",stripekc
mglavekd@sitemeter.com,uV8}bsM?wWzt~,dplomerkd
mpaddingdonke@zdnet.com,uO9+{5#0jt,kpigginke
bpimmockekf@reuters.com,kS0{4k@NZJ&,pstandallkf
btenniswoodkg@com.com,cZ5)xT9MHq>OC,hpullarkg
bburnistonkh@bravesites.com,gK6~Yf_ruZiE<IZp,csimmankkh
rneichoki@ovh.net,"cB0/Vkv@w?,",ugowrieki
mkennicottkj@wiley.com,sE2@tdqv|,adundredgekj
cbissellkk@boston.com,bO6!nz2V3zbmjT$5,whildredkk
solufsenkl@wp.com,"oG7}7sbKf!yAf$!,",hpandyakl
tbartusekkm@canalblog.com,qQ2>YE1%GYuIs,mmothersolekm
wstirtonkn@sphinn.com,"nZ3%gRL5zqK(""i7W",cspearmankn
lphillotko@cnbc.com,zY5*?3b1ZIwGz,ljirkako
wimpykp@nasa.gov,lD8<I'H~Mtd<+jLv,lfridkp
bkiledalkq@economist.com,oO9&P`bth&8,tbottinellikq
cvintkr@timesonline.co.uk,tN2{%wu#d,estevingskr
latackks@businesswire.com,qI4+3+m}WX,valgerks
nalwellkt@gov.uk,zI4)+Uz9P8+06,kwaldockkt
dmacadamku@ox.ac.uk,eV9&1`%mJ}scVzQo,ajosephsonku
dassiterkv@sfgate.com,eR6_~hAWymRQ>fHO,nmarshalkv
mhorchekw@census.gov,eY2@XI3F2.8,hbleeskw
amathwinkx@moonfruit.com,sK5'M~_Oib'&k<v8,cgudgenkx
avanacciky@wsj.com,aQ3$8Y>sCP(O4c<Z,gcondieky
olegoodkz@netlog.com,xO8)Em+u,afawkskz
djaggerl0@ovh.net,tY2<IniEyi\9,fbestl0
lcooperl1@bizjournals.com,zI0/{L$#,gcarisl1
rguyverl2@abc.net.au,cY4#dinDl+6,astobbartl2
rstickfordl3@4shared.com,jF5}`=p&H<8a&}NN,mgodthaabl3
fstachinil4@acquirethisname.com,"jZ4)""+ZAEHhw&",bstaffordl4
acuschieril5@spiegel.de,"jW0_+|,RBd$O",dmucklowl5
jtunderl6@privacy.gov.au,fU8`~om7g40rz+R,omitkinl6
gaynscombel7@sohu.com,fC6.*@dtp'i,awannanl7
lsallengerl8@amazon.de,"fZ5?,!&BJeTbtL~",hdarguel8
mknobelll9@eventbrite.com,aB1~fjM*CTI5,ceakeleyl9
acottomla@digg.com,mC1_\?N#_,wcrunkhornla
canyenelb@sfgate.com,rI7$2r0ON,fvedeniktovlb
dmitchellc@seattletimes.com,nZ8\1+zWJLw,dpetruslc
gbodkerld@nydailynews.com,mH2`b$<He,margueld
gfrisele@livejournal.com,gP8%ZBA!`sN2,bleftlyle
atullotlf@cargocollective.com,iZ5`gE_5>%y,bgentirylf
sdesaverylg@sourceforge.net,lN6|#L>ge?2got)b,kdaddowlg
rrockliffelh@zimbio.com,yT1*2hGJIN,febbinglh
rattleli@virginia.edu,aU4.u$_R0_BiXu,mvasilenkoli
shammettlj@i2i.jp,sC5$LY9Lt=r,ebeatsonlj
tmacdermotlk@google.nl,"dV0*5%NH5WQ,Nur",ghyndsonlk
zrusell@mysql.com,hO0?*YMNEtKb,lsantell
mparysiaklm@hud.gov,nM2*{8JWUUUH`i,afearnyhoughlm
cdoughartyln@msu.edu,tQ1)*ZF|$VjhPk,bclewerln
smartenlo@geocities.jp,uN2_QH%iD{J',rsnasdelllo
bkenenlp@hibu.com,eS1(@.*/Pnp`@c>,egoodreidlp
eexrollq@independent.co.uk,bA8/Xx8u,jrizzardinilq
dtennicklr@seesaa.net,qS2.\EmKLl7z<,hkuhnelr
vohowbanels@lulu.com,xO3\/NfHIq=,smulchronels
ndemkelt@dmoz.org,pS3(R=(0SDQ?d,gwisonlt
sbuzinelu@edublogs.org,rF6~.BH\r_qE,vmaccreelu
dwinstonlv@mapquest.com,pP3?+3S/!lb45r,ssycelv
wpunchardlw@vk.com,"uE7,pcxM",ssinkinlw
csommerslx@mtv.com,iF9/iA_+#=7MnO~,vatmorelx
rrubensly@mysql.com,kT6|$bVDtHX4X,kcaronly
mtuffelllz@unicef.org,"oM7<}>>""a?B&&ONr",mharglz
oolijvem0@squidoo.com,bI3{Z~TC/I!,nwebbbowenm0
vfranzettim1@examiner.com,mT3(yE!94f.FU${,oballsm1
cmeirm2@wufoo.com,wX5}98X_,tlittrellm2
drothm3@npr.org,"uM9@9/)iqxEwYt""x",tlabatm3
gmundowm4@bizjournals.com,"mI3,=}P3`>b(\0i",lleadbetterm4
riacovozzom5@weibo.com,dV6<u%#3nb.I,lfairholmem5
wchilcottem6@intel.com,yG9#~?Ss$TL<~n%Q,jcrookallm6
aeaganm7@npr.org,jW7<!'~>bM,weadym7
kjestecom8@mashable.com,cO3.I74$rdUm,agledhallm8
lsuddellm9@studiopress.com,"dA9""vg{s+m=4F2",rpoizerm9
abartlomieczakma@patch.com,"iR3""*F5Ozx\D'AC}",iasletma
mdanatmb@usatoday.com,hJ3+l+?)r4l#w*B.,dphelitmb
smarcosmc@cocolog-nifty.com,wJ8}G'J1,nbramsenmc
rtoulminmd@blogspot.com,tY4>zXas,cvareymd
wsysonme@theglobeandmail.com,sP8&D?SA<,wberanekme
srooksbymf@vinaora.com,"iT6|KW,g\Q/5w$7",vcockshotmf
vrivelonmg@behance.net,eE5#31P_o7\S8Q(,tmorseymg
eistedmh@t-online.de,rJ8&yeW+2Q,strevesmh
amaddafordmi@si.edu,iX3>2NRM.sR8Y,kgoltmi
lcooksonmj@google.co.jp,bC9'm~I$d,collandmj
locklinmk@g.co,"iC0!V@=,#",ltweedellmk
moscallanml@diigo.com,eW5+AEy8I<}\D\,jcaryml
ktrattlesmm@1und1.de,mJ3*)>9ym'hPa$qq,rconsidinemm
glackemannmn@cam.ac.uk,zH5|FALn<n|,ehigbinmn
bvanyukovmo@spiegel.de,hT3<dZ7n5~OQWi8,lfernehoughmo
acardozomp@zdnet.com,"mP8/so)U)a""",ckeninghammp
hhagardmq@com.com,"oF6$jp~\W2/""uQ",jriedelmq
amassowmr@wikia.com,oO4.SzxtM,ascuphammr
apuvems@wikia.com,"dP7""k@E|o6G+9,",bessbergerms
bferedaymt@oakley.com,tS9~OR7&Bpy$,pmacdonoughmt
tabbottmu@example.com,pP3&s.lW,wtuminimu
bbeadnallmv@discovery.com,fQ7#}?3K%.v/N3&g,pfonzomv
vdelmontemw@chron.com,nP4{UlR_XR/zA},wcourtenaymw
wwellsmx@bravesites.com,fA1*16$v>J`h$aSe,mmactrustrammx
khessmy@merriam-webster.com,aH3)Wq{o>$&wU>',gwakeleymy
adebneymz@answers.com,bG6.6c/)r,gcalafatomz
lbassingdenn0@adobe.com,wH7$5BGZdS,kheeronn0
jcruwysn1@google.ru,"sL5>?th<xz""L",cfaraharn1
gbanden2@dagondesign.com,xZ9_LV/7tD,afrostn2
gblancn3@delicious.com,eK2'PMGD)M6AW,ychartren3
rseccomben4@slashdot.org,xM2(4t9WMlX,rpottipharn4
kmacanen5@phpbb.com,yF5*sv}8,pshillumn5
ashawen6@yahoo.com,uM0>H>9/8z2GBHy,dmaragesn6
ldaishn7@state.gov,xR4<o{M*vN?0,sbunclarkn7
bjiroudekn8@uiuc.edu,yO5<'!!bI|,mgobatn8
tdonnen9@cnbc.com,"kO2`LZVQh6(Ezm,",ygoldsteinn9
kfrandsenna@flickr.com,cV0@?vvU\WiJe,klummisna
dfloyednb@odnoklassniki.ru,eO6>`nST\6Z,thradskynb
teliesnc@nih.gov,zX0</VC$B,hgaskinnc
aabdeynd@vimeo.com,mD1${uHi*m|,mpatifieldnd
fyeatsne@toplist.cz,fU4#>Ymm_X$wz,fbaldelline
rwisdishnf@people.com.cn,gW0~$&9wIAlRT,mdalzellnf
cduckng@si.edu,yR5?@wD8G%V,gjimeng
ebummfreynh@icq.com,"qB9,zuelpO2>/M",ioverelnh
afredeni@go.com,bH0$~FmD',rleonardsni
ebrettellenj@telegraph.co.uk,"kX8,h?Q""{871",eclaeskensnj
rveltink@columbia.edu,pQ7(>eZ~*,lweskernk
tdenerleynl@livejournal.com,uY3<fhha9ZgW)7,gfermornl
akiltienm@nationalgeographic.com,sV5%{d/H,fpllunm
obavagenn@ehow.com,mU0=_b#'HRZ07$,hcamolettonn
fdoughartyno@timesonline.co.uk,bT5?v74(v@,dverlingno
tcluleenp@blogs.com,"eK1,0A#rjDQg",pbowartnp
onoadsnq@sourceforge.net,vX4~qFF@.tukHRu,ehaineynq
cchampnessnr@fotki.com,pL7<~jX*,glaylandnr
rcrannans@nps.gov,"gF5\k$*Va""36",aalmackns
canandnt@soup.io,kX8~QIpKshH0%b,bsloweynt
gscamadinenu@exblog.jp,"sJ5=""1OsMYr`zXl",gdulingnu
nrappsnv@ftc.gov,fQ9_P`uQ_,wjindraceknv
rmillwardnw@instagram.com,"vY3*N1,y~Ikp*",acastanonenw
gstansbienx@shinystat.com,jA6~RcOg/%,erandallnx
cjocicny@reuters.com,jM4>V5J5NZ&HFf,fpichmannny
tclementuccinz@icio.us,cL5>hCZ>Z,jgriffithenz
bnajerao0@goodreads.com,"fD8`+F`Z*,)F49",cazemao0
meastcotto1@yale.edu,bM7!MG!6a5U/efM,kleblondo1
sverchambreo2@unc.edu,hX2(K+>rco,kvanyutino2
gdowseo3@hud.gov,"eA7!KTq""98",shoyleo3
rgloveso4@scientificamerican.com,dT0%@'.yjeZ%E\U,pchapeo4
hlyardo5@fc2.com,pU9_5gC0,bgiddinso5
csnaryo6@cpanel.net,"sI2|ZEKp""",amccaugheyo6
tgabbyo7@php.net,dZ8|t)X|oZ,lfoulgero7
ejiroutkao8@tamu.edu,cY9!PHAHs`4)$Y,mdaughertyo8
ahissetto9@comsenz.com,kP1!Ljp8?TvQgd,pamiableo9
urizzardinioa@webeden.co.uk,lP2.lcK/l(l|,tkinnieoa
lfolgerob@aboutads.info,uZ8.eVwFvz,lburgissob
hswitsuroc@indiegogo.com,"vK9&5>+(%Zod,c\",acervantesoc
lhaxellod@1und1.de,"nQ1,FYU~",iprattyod
gbradshawoe@indiatimes.com,mF9'pm(nyY1\H,bdenkeloe
fselewayof@cnet.com,"hB0\8|0u"",",rdeemingof
rcompsonog@dell.com,tM9>{TY!%RN*ElhQ,scrollmanog
wmiskoh@mayoclinic.com,jO0>2f22kx`,fdellaoh
cmeiroi@360.cn,mK9}~1g?hy,dmatushevitzoi
sfosteroj@ftc.gov,zA1'/.0('tDU&0.O,tkiddelloj
vbernolletok@deliciousdays.com,"sO5##W,_%II3oh",thagerghamok
lfarnellol@creativecommons.org,"yO6""ovD@8",cgarrowayol
nmarchelloom@163.com,aB8'0*>!LaxG(r,vlevenskyom
lclelleon@diigo.com,"mD1{$bgZ)Q2W~T,",cmcomishon
lwallbuttonoo@amazon.de,rG6|~LIROK2`,ndrinanoo
ajacobop@uiuc.edu,qH7@L}Y\B,jferenczyop
lsleighoq@umn.edu,yJ6(cP\>Y(HpG,pcastelijnoq
bleynhamor@npr.org,eK4$Yp09xXo,whabertor
ealesinos@hugedomains.com,qP9&e@o3sp3)),polfordos
lbootlandot@163.com,gR9'cDu5!%,cleithot
aveneurou@ed.gov,dQ5+haqqBSjj0d,aedmondsonou
blocktonov@thetimes.co.uk,aF2_xD*Rfcc&,gbywayov
tgallowayow@networkadvertising.org,"iE4#PiTW(F2P,/ZO",fthewlisow
sdibleyox@huffingtonpost.com,"qZ1{aF,B7>",lrozetox
zclackoy@ehow.com,gA5$ki=6\382,taliboneoy
jquinoz@nydailynews.com,sM4@Qftz2#Sp@e,hkohrsenoz
amcdermidp0@slideshare.net,uA2'nKUBG,rshardp0
ccropp1@princeton.edu,qU5\@/a=B+1F_,scouchap1
tshapterp2@apple.com,"yJ0.""ch4F%M29Tb",ldickensp2
dfarndellp3@nbcnews.com,nQ0=PJi#n++,ihubbockp3
awallbrookp4@paginegialle.it,zP1.MHc*Ag+,fbowermanp4
rnelseyp5@icio.us,lX1}053abg|rg,mstalmanp5
aboardmanp6@java.com,oI1!M.Bg0CliHZZ_,gbrunelleschip6
fmattussevichp7@about.me,"vZ4?o!8JhOvD""EC'",jromandp7
lgooldp8@hao123.com,jZ3}{&)}ex\o!,mglewp8
ephonixp9@howstuffworks.com,lV6=YW$O$sYO#},dkaubischp9
apontingpa@rakuten.co.jp,sI1{)+b0nH,mlighternesspa
rflecknoepb@ed.gov,uI0\oh.fCz@wOpQC,kziehmpb
sdibollpc@miitbeian.gov.cn,"fU8`RSxP$|Lu`O&,",dmalespc
adevonaldpd@tripadvisor.com,gM1'w#\V*xo,kmouldingpd
igoublierpe@sciencedirect.com,oU6\gt`_,jmaddype
amcettrickpf@ft.com,pR2`a+Go(a#X`4M,gbrasteadpf
frewpg@washingtonpost.com,wA6/BmHz0,mfoggopg
mjaffreyph@yahoo.com,"fH8/*O,M*wg.?tv",mhenfreph
tneliganpi@google.es,"kB2,c$8}`,f56",mlangcasterpi
ejedrykapj@moonfruit.com,"bS9|.y}V,DY)",rhallawayspj
cbirkpk@github.io,dO8.+o.xXq,nsauntonpk
bpeegrempl@psu.edu,cE9/=OOjUz,oferrymanpl
sdudbridgepm@ox.ac.uk,"fC0#SM4""p_t'",hpatleypm
cmcgingpn@dell.com,rS0\MRy#%_w9dQm,cracepn
ccammockpo@soundcloud.com,xL2.VfQA'9,bphilippoupo
ftyghtpp@bloomberg.com,cM3{)ju%\ISsX,rmccoshpp
doagerpq@howstuffworks.com,qP3>3'\i&>zZl,hnorleypq
chulburdpr@symantec.com,zF2\.6t<Qo9v,cwolfepr
rpreistps@edublogs.org,"bU6'w""f.#",lbreydinps
jsillpt@tinyurl.com,aB9?AT.(,pliepinspt
asaienspu@moonfruit.com,zU4|CJpV_r###K,awasylkiewiczpu
jarthargpv@typepad.com,"oE5}c,A\j%O@zy1r",tmckeatingpv
bcurmanpw@tinypic.com,"nC3|af).!E>0_""+Q",cgasquoinepw
gturgoosepx@usda.gov,vW7`e{5}}$Yw6',adimelowpx
fwithringtenpy@ftc.gov,"dM2,O5'c",atomasinopy
wluardpz@paginegialle.it,yI0&@zep,ekebellpz
pkalbererq0@howstuffworks.com,"mE8',vr0ky}",akubickiq0
dbetteneyq1@constantcontact.com,hW0>\aN4,jmoncarrq1
bblackboroq2@merriam-webster.com,"iH2""W2#q.vK.w_zm",pwilsonq2
ukemmettq3@constantcontact.com,rT5#r0.WANxc.+~,tgarbuttq3
ljanuszewiczq4@soup.io,cF3$%N!yAya?,aoscanlonq4
apainswickq5@chicagotribune.com,fF4@Up'yJ0,dskeechq5
kdeverockq6@livejournal.com,eE1%>Rxv,ehenighanq6
clangmaidq7@wsj.com,mP6+R)KJ@{u8,edowningq7
ahaughq8@barnesandnoble.com,"uZ6%A,06ib""'\",btaceyq8
alinklaterq9@phpbb.com,aV3)*k.)p0jJrG9r,mdionisioq9
cmericqa@quantcast.com,"mI6""ba+HF13CP",rwestbergqa
estainburnqb@msu.edu,xD9=17*Ao=O%,ssimacekqb
yclacqc@msn.com,oH5&@#N$b=TTvf+,veckleyqc
mcowlardqd@un.org,zF7}aj7+Nj/{qU/4,gmawneqd
rmessomqe@bluehost.com,hS3}tf3!,hlinzeyqe
akertessqf@wikipedia.org,uI7){tpV,lsummerhayesqf
jkleinhausqg@blinklist.com,oJ9&n*mpOX`YJ,lrichmontqg
wknowldenqh@cbc.ca,"kE9@u'1+Vg(,ILF",aragotqh
cbletcherqi@mlb.com,eQ9(m\r5,villingworthqi
rrelfeqj@wix.com,dV1_8?eC>!$I9dO,ngorbellqj
vkelleyqk@epa.gov,dR3#}b#$,rjanosqk
clitzmannql@artisteer.com,"xS0'%2r,j)mK*>/",jashmoreql
tamortsqm@yale.edu,pJ1>jtNB~sJSWS~y,dwrigleyqm
cselesnickqn@dailymotion.com,fI3{Ruc|c@ET`Rc,vwiganqn
lfilyushkinqo@oakley.com,"mA2~'c#Sg""}S!EUU",sjesticoqo
lbertinqp@irs.gov,oB4!9%ZMJ|p.N,kcollingeqp
fcleverqq@berkeley.edu,wM7(!5&p8+`$,tyarrallqq
cplowrightqr@cbsnews.com,yB6_sU>aL6,mstandidgeqr
aglanderqs@salon.com,gJ1(?JR@1%!YaY,tjankuqs
nvanesqt@ifeng.com,"vS5&lMcUo,BaldDO",tcleworthqt
mmcgeorgequ@cmu.edu,dI7%g@E(F,msubhanqu
skaesmakersqv@com.com,iH8<lwcRLFYhe,nburbageqv
dclaricoatsqw@theguardian.com,zW3`N)kP,fbeelbyqw
gburnageqx@microsoft.com,rQ5)IV{+Vg,amacnameeqx
tmignotqy@elpais.com,jB6{4t~Swunhl\,fstudeartqy
darentsqz@vistaprint.com,pU9>n\agU7XVE,tmilaqz
jtolfreyr0@msu.edu,hR5+%apAE.Ldk9ye,csharrattr0
jmaassr1@omniture.com,pI4*&M!KX9y0*,bstandidger1
tsturdgessr2@123-reg.co.uk,bU9)j4XUk,eclaricoatsr2
lkoepper3@mozilla.com,tJ9/asjUdVX,vbowichr3
apiquardr4@edublogs.org,vA0\\@yw?sE\}aV0,sdabinettr4
lbutter5@cnn.com,"oK5""~#P)+<,o$868",istillgoer5
mshutler6@nydailynews.com,lN3=@(hyz.7Z{,rshergillr6
astuchburier7@wikipedia.org,iC4|qv9/0,jfinnesr7
jmacnellyr8@google.co.jp,oF5<MG{tzE,lludmannr8
rbenazetr9@altervista.org,eR7{jy%h?NEK,sdunkerlyr9
spotteridgera@google.com,zU5$A*}hR20Z,gkitchinghamra
nbillisonrb@indiatimes.com,jO0.\yiC(_,rhassewellrb
pshortorc@dailymotion.com,qV5|>HKIYQm,mbollamrc
claffanrd@chronoengine.com,eV9@Z$H(?39B<$,lsnodenrd
arawstornere@php.net,"uA3,dU7(CH96",uchesterfieldre
pabramsonrf@microsoft.com,"sL3,""YJY4r*Acr&",bubanksrf
hpoweleerg@bigcartel.com,"kK5<""3LO",ntoffelrg
aprandinirh@topsy.com,"oX7('k#(\""",iewenrh
pliccardori@github.io,iP4@pz\}Lj,psloanri
nshelbornerj@quantcast.com,jC2(j45JL=R,miamittiirj
egallearrk@washingtonpost.com,oL4)w4<AR,cjeckellrk
ncinellirl@soup.io,"jX0""L4Pq",mdampneyrl
estealfoxrm@census.gov,uO3!@4JguaFlF$?w,pyverm
btolemanrn@usgs.gov,iQ5/0R(NabfRX,klandsboroughrn
aaldersonro@clickbank.net,uC6.S4c6,tutleyro
lstilgorp@walmart.com,"yC6,Ni#!N#8A.",nleatherp
ldelucerq@google.nl,"xB9.zRH,",amostynrq
spantecostrr@intel.com,tY0!xm#)cXu,lburchallrr
